cell_id,condition,coordinate,recipe,optimizer,dimension,alignment,initial_loss,final_loss,minimum_loss,saturation_step,nominal_loss_rmse,startup_loss_rmse,first_target_mode_decrease,first_step_prediction_error,recurrence_error,seconds,recurrence_loss_rmse
03efb4d22af015b0,geometric_slow_d8,rotation_43,sgd_small,SGD,8,slow,0.4999999999999999,0.17953173932632327,0.17953173932632327,,3.5823891061968385e-05,3.5823891061968385e-05,0.0004999999999998339,2.7656096662281405e-15,3.552713678800501e-14,0.046527862548828125,1.6910002095256128e-14
06fb8812878b5743,two_bands_fast_d8,rotation_43,sgd_small,SGD,8,fast,0.4999999999999996,7.909177852360806e-31,7.909177852360806e-31,45,0.0006265681333247411,0.0006265681333247411,0.05000000000000049,5.551115123125783e-16,1.3172812150425631e-15,0.0457460880279541,2.851127170746593e-17
08a15eb437c6793c,two_bands_fast_d8,rotation_29,sgd_large,SGD,8,fast,0.5000000000000001,5.116127572970858e-32,5.059478149216031e-32,11,0.0013137697785168252,0.0013137697785168252,0.20000000000000007,1.1102230246251565e-16,3.182642024199968e-16,0.045165061950683594,5.9864030662677704e-18
0b7683022d157275,geometric_fast_d8,rotation_43,momentum_small,SGD,8,fast,0.4999999999999996,5.256001996763904e-32,1.9707680009050012e-32,37,0.015476075607616421,0.005257495911781489,0.0050000000000004485,4.440892098500626e-16,2.7755575615628914e-15,0.04855680465698242,2.0043583233063e-16
0c68734999793b92,geometric_slow_d8,rotation_29,sgd_large,SGD,8,slow,0.4999999999999999,0.008285496932675452,0.008285496932675452,,0.00012280975942578583,0.00012280975942578583,0.002000000000000113,3.704349807503278e-16,1.04644148575222e-15,0.04609107971191406,1.108461782386529e-16
0f82e227cf1cc340,geometric_slow_d8,rotation_17,momentum_long_startup,SGD,8,slow,0.5000000000000002,0.0045276354125434555,0.0045276354125434555,1006,0.043557780114037645,0.016693461595721406,1.9999999999575913e-05,1.0186069634096015e-15,2.0975998715755395e-12,0.04816007614135742,6.134472999574184e-13
1087e7650c633ccc,geometric_slow_d8,diagonal,adam,Adam,8,slow,0.4999999999999999,0.00027889879179608543,0.00027889879179608543,741,0.32500073254070044,0.32500073254070044,0.001999999799999874,1.1102230246251565e-16,,0.05398106575012207,
10f55710f6638a7b,two_bands_slow_d8,rotation_29,momentum_large,SGD,8,slow,0.4999999999999999,0.007968933555915832,0.007968933555915832,,0.004785949314879402,0.0022528206814703346,0.00020000000000020002,5.788648386542475e-16,1.6880941089425505e-13,0.04762601852416992,5.523195211475072e-14
16754eb78e38af6c,two_bands_slow_d8,rotation_17,adam,Adam,8,slow,0.5000000000000002,9.55321486722535e-07,9.55321486722535e-07,513,0.3541057687503458,0.3541057687503458,0.004066686073485926,9.870576578308032e-16,,0.053664207458496094,
17fa5edfe2212c0e,two_bands_slow_d8,rotation_29,sgd_small,SGD,8,slow,0.4999999999999999,0.17953173932632313,0.17953173932632313,,3.5823891061953904e-05,3.5823891061953904e-05,0.000500000000000056,6.846874228331078e-16,3.5638159090467525e-14,0.04601716995239258,1.689517962680037e-14
19b43d2a65cf1b53,geometric_fast_d8,diagonal,momentum_large,SGD,8,fast,0.5000000000000001,0.0,0.0,33,0.01748366194015156,0.005287556687269718,0.020000000000000018,0.0,4.440892098500626e-15,0.3693501949310303,1.1203717895836857e-16
1a14b4822d92de42,two_bands_slow_d8,rotation_43,momentum_small,SGD,8,slow,0.4999999999999999,0.18033373136120856,0.18033373136120856,,0.0024123063563884157,0.000663388822299538,4.999999999988347e-05,3.0608053276163718e-15,1.326050380612287e-12,0.04775404930114746,6.106719695788103e-13
1f5a61b5a1d0c2c4,geometric_slow_d8,diagonal,momentum_long_startup,SGD,8,slow,0.4999999999999999,0.004527635412543396,0.004527635412543396,1006,0.043557780114037555,0.01669346159572149,1.999999999990898e-05,1.1102230246251565e-16,2.0980439607853896e-12,0.047618865966796875,6.135311741913777e-13
20586324b75eabdc,two_bands_fast_d8,diagonal,adam,Adam,8,fast,0.5000000000000001,1.232595164407831e-32,0.0,60,0.011545452118932317,0.011545452118932317,0.0199999998,0.0,,0.052822113037109375,
245e7d89963feb73,geometric_slow_d8,rotation_43,adam,Adam,8,slow,0.4999999999999999,1.9574635786886955e-07,1.9574635786886955e-07,474,0.36017245633894657,0.36017245633894657,0.004929045702385726,2.7356589216154248e-15,,0.053894996643066406,
2a354c6dc3ffbb51,two_bands_slow_d8,rotation_43,adam,Adam,8,slow,0.4999999999999999,6.557826733381206e-07,6.557826733381206e-07,486,0.36187541351162233,0.36187541351162233,0.004929045702385726,2.7356589216154248e-15,,0.05433011054992676,
2fa73709ea5b3fe9,two_bands_slow_d8,diagonal,momentum_small,SGD,8,slow,0.4999999999999999,0.18033373136120856,0.18033373136120856,,0.00241230635638843,0.0006633888222995229,4.999999999999449e-05,0.0,1.3261614029147495e-12,0.04711008071899414,6.106871761313465e-13
303971482e236078,two_bands_slow_d8,rotation_17,sgd_large,SGD,8,slow,0.5000000000000002,0.008285496932675432,0.008285496932675432,,0.00012280975942580724,0.00012280975942580724,0.0019999999999995577,1.0772506449093352e-15,1.744829477265319e-15,0.04606795310974121,9.774671871399249e-17
3450c1e5cb59e3c2,two_bands_fast_d8,rotation_17,sgd_small,SGD,8,fast,0.5000000000000002,7.955273687833952e-31,7.90568099176598e-31,45,0.0006265681333247297,0.0006265681333247297,0.04999999999999993,1.617915562155995e-16,1.346826617344184e-15,0.04585599899291992,2.917796729339507e-17
348db17724717f20,two_bands_fast_d8,rotation_17,sgd_large,SGD,8,fast,0.5000000000000002,1.2933259045487136e-32,1.2933259045487136e-32,11,0.0013137697785168263,0.0013137697785168263,0.19999999999999996,1.1102230246251565e-16,2.220446049250313e-16,0.04533195495605469,9.135143597645306e-18
34ec5fc410ae3e8b,two_bands_fast_d8,rotation_29,momentum_small,SGD,8,fast,0.5000000000000001,3.1314492421159666e-31,2.418245786421223e-32,37,0.015476075607616456,0.005257495911781486,0.0050000000000001155,1.1102230246251565e-16,2.6645352591003757e-15,0.04719996452331543,1.7713319121901975e-16
388b283aed0aee59,geometric_fast_d8,diagonal,momentum_long_startup,SGD,8,fast,0.5000000000000001,6.008026404983515e-09,5.509208490526313e-10,436,0.06598109796476323,0.04560106896671854,0.0020000000000000018,0.0,7.882583474838611e-15,0.04755997657775879,8.913320102925554e-16
3c1d76933f57e8de,geometric_slow_d8,rotation_43,momentum_small,SGD,8,slow,0.4999999999999999,0.18033373136120862,0.18033373136120862,,0.0024123063563884313,0.000663388822299512,4.999999999988347e-05,3.0608053276163718e-15,1.3261614029147495e-12,0.04811596870422363,6.106980401233183e-13
4534edef55adae9c,geometric_fast_d8,rotation_17,momentum_large,SGD,8,fast,0.5000000000000002,5.489972392351572e-32,4.066270058364457e-33,33,0.01748366194015157,0.0052875566872697235,0.019999999999999796,2.220446049250313e-16,4.218847493575595e-15,0.04769706726074219,1.0965870968499792e-16
47d616b001f319f8,two_bands_fast_d8,rotation_29,adam,Adam,8,fast,0.5000000000000001,4.869598035566364e-08,4.869598035566364e-08,29,0.030375152068268928,0.030375152068268928,0.043111490580796,4.5102810375396984e-17,,0.05348682403564453,
49406f20c1e3d766,two_bands_fast_d8,diagonal,momentum_long_startup,SGD,8,fast,0.5000000000000001,6.008026404983515e-09,5.509208490526313e-10,436,0.06598109796476323,0.04560106896671854,0.0020000000000000018,0.0,7.882583474838611e-15,0.046903133392333984,8.913320102925554e-16
4af4d0612d5f1059,two_bands_slow_d8,rotation_43,sgd_large,SGD,8,slow,0.4999999999999999,0.008285496932675553,0.008285496932675553,,0.00012280975942575772,0.00012280975942575772,0.0019999999999998908,1.8696769958004053e-15,1.8643786120094346e-15,0.045857906341552734,1.5352036707005625e-16
4bfef2f515e92083,geometric_slow_d8,rotation_43,momentum_large,SGD,8,slow,0.4999999999999999,0.007968933555915811,0.007968933555915811,,0.004785949314879381,0.002252820681470451,0.00019999999999997797,2.8644281901095253e-15,1.6853185513809876e-13,0.0476992130279541,5.511853053783699e-14
4fa4eeef38ddc8c0,two_bands_slow_d8,diagonal,momentum_large,SGD,8,slow,0.4999999999999999,0.007968933555915792,0.007968933555915792,,0.00478594931487939,0.0022528206814704118,0.00019999999999997797,0.0,1.6880941089425505e-13,0.047042131423950195,5.515827113901579e-14
5108bc05f4ae9890,geometric_fast_d8,diagonal,momentum_small,SGD,8,fast,0.5000000000000001,1.232595164407831e-32,1.232595164407831e-32,37,0.015476075607616453,0.005257495911781487,0.0050000000000000044,0.0,2.609024107869118e-15,0.0475308895111084,1.8070978221430409e-16
511fd7ba8b03262e,geometric_slow_d8,rotation_17,momentum_large,SGD,8,slow,0.5000000000000002,0.007968933555915771,0.007968933555915771,,0.00478594931487947,0.0022528206814703567,0.0001999999999996449,8.440109226928264e-16,1.6880941089425505e-13,0.04958295822143555,5.521379787594817e-14
514f0bd380d067e6,two_bands_slow_d8,rotation_43,sgd_small,SGD,8,slow,0.4999999999999999,0.17953173932632321,0.17953173932632321,,3.58238910619756e-05,3.58238910619756e-05,0.0004999999999998339,2.84061881500943e-15,3.552713678800501e-14,0.046141862869262695,1.6917239981881815e-14
56888211202b161a,two_bands_fast_d8,rotation_43,momentum_small,SGD,8,fast,0.4999999999999996,1.2077179423625087e-31,6.789091133061138e-33,37,0.015476075607616423,0.005257495911781487,0.0050000000000004485,4.440892098500626e-16,2.7755575615628914e-15,0.04745984077453613,1.9844864859246359e-16
572ced90c507a6dd,geometric_fast_d8,rotation_29,momentum_long_startup,SGD,8,fast,0.5000000000000001,6.008026404983515e-09,5.509208490422077e-10,436,0.0659810979647632,0.04560106896671849,0.0020000000000000018,8.781101937931428e-18,7.327471962526033e-15,0.04820513725280762,8.462710184086518e-16
5d5514eda3b8e987,geometric_fast_d8,diagonal,adam,Adam,8,fast,0.5000000000000001,1.232595164407831e-32,0.0,60,0.011545452118932317,0.011545452118932317,0.0199999998,0.0,,0.05367708206176758,
5e2c965cf03639b3,two_bands_slow_d8,rotation_29,adam,Adam,8,slow,0.4999999999999999,1.6146433869378656e-07,1.6146433869378656e-07,464,0.3610724756452566,0.3610724756452566,0.004472472180736431,1.0267394573437727e-15,,0.05359506607055664,
5fad28ff243d8400,two_bands_slow_d8,rotation_17,momentum_small,SGD,8,slow,0.5000000000000002,0.18033373136120875,0.18033373136120875,,0.002412306356388641,0.0006633888222993312,4.999999999988347e-05,1.3546624350538642e-15,1.326494469822137e-12,0.04774832725524902,6.108803410294593e-13
610c18cc6bf316bd,two_bands_slow_d8,rotation_43,momentum_large,SGD,8,slow,0.4999999999999999,0.00796893355591585,0.00796893355591585,,0.004785949314879371,0.002252820681470449,0.00019999999999997797,2.8644281901095253e-15,1.6869838859179254e-13,0.047477006912231445,5.5120361143499656e-14
64fe54fe16dbb1b9,two_bands_fast_d8,diagonal,momentum_small,SGD,8,fast,0.5000000000000001,1.232595164407831e-32,1.232595164407831e-32,37,0.015476075607616453,0.005257495911781487,0.0050000000000000044,0.0,2.609024107869118e-15,0.04696083068847656,1.8070978221430409e-16
668efcb45267646b,geometric_slow_d8,rotation_29,momentum_small,SGD,8,slow,0.4999999999999999,0.18033373136120862,0.18033373136120862,,0.002412306356388449,0.0006633888222994859,5.000000000021654e-05,4.264575043860236e-16,1.3259393583098245e-12,0.04835200309753418,6.107241608794446e-13
686c35e33f30e004,geometric_slow_d8,diagonal,momentum_small,SGD,8,slow,0.4999999999999999,0.18033373136120856,0.18033373136120856,,0.00241230635638843,0.0006633888222995229,4.999999999999449e-05,0.0,1.3261614029147495e-12,0.04769587516784668,6.106871761313465e-13
6f10ebbe2f6dc926,two_bands_fast_d8,rotation_29,sgd_small,SGD,8,fast,0.5000000000000001,1.2354667560475677e-30,1.2347926805670322e-30,45,0.0006265681333247284,0.0006265681333247284,0.050000000000000044,6.788360672301045e-17,1.575037806423743e-15,0.04552888870239258,2.958833907649978e-17
6f7b5a6fd12b9c4e,two_bands_fast_d8,rotation_43,momentum_long_startup,SGD,8,fast,0.4999999999999996,6.008026405035148e-09,5.50920849036996e-10,436,0.06598109796476309,0.04560106896671837,0.002000000000000557,5.551115123125783e-16,6.2727600891321345e-15,0.047586679458618164,7.541317040507531e-16
6f8769793d55eccc,two_bands_slow_d8,rotation_29,momentum_long_startup,SGD,8,slow,0.4999999999999999,0.004527635412543425,0.004527635412543425,1006,0.04355778011403756,0.0166934615957214,2.0000000000131024e-05,8.161425390415659e-16,2.097488849273077e-12,0.04752635955810547,6.134604367821287e-13
70cefb1632a55201,geometric_fast_d8,rotation_43,momentum_large,SGD,8,fast,0.4999999999999996,5.03015661812912e-32,9.07481638834806e-34,33,0.01748366194015154,0.005287556687269717,0.020000000000000462,4.440892098500626e-16,4.524158825347513e-15,0.04788494110107422,1.1319946449635256e-16
78e92f89094341f3,geometric_slow_d8,diagonal,sgd_small,SGD,8,slow,0.4999999999999999,0.17953173932632294,0.17953173932632294,,3.5823891062122457e-05,3.5823891062122457e-05,0.000500000000000056,1.1102230246251565e-16,3.5860203695392556e-14,0.04544210433959961,1.706344137376752e-14
80af3250f50989dc,two_bands_slow_d8,rotation_43,momentum_long_startup,SGD,8,slow,0.4999999999999999,0.004527635412543485,0.004527635412543485,1006,0.04355778011403754,0.016693461595721375,2.0000000000131024e-05,2.8120187783789422e-15,2.097266804668152e-12,0.047399282455444336,6.134505747454285e-13
80b0df99432e57b9,geometric_fast_d8,rotation_29,adam,Adam,8,fast,0.5000000000000001,6.501468174219802e-19,6.501468174219802e-19,53,0.03006695790315011,0.03006695790315011,0.043111490580796,2.2551405187698492e-17,,0.05429506301879883,
886fa50a67b4ad69,geometric_fast_d8,rotation_43,sgd_small,SGD,8,fast,0.4999999999999996,7.913377188379684e-31,7.906786896851234e-31,45,0.0006265681333247404,0.0006265681333247404,0.05000000000000049,5.551115123125783e-16,1.2227683256456559e-15,0.04731917381286621,2.90389618324457e-17
8e30f7eb1a00d5a5,two_bands_fast_d8,rotation_17,momentum_small,SGD,8,fast,0.5000000000000002,5.378648375351298e-32,5.237100047602682e-32,37,0.015476075607616463,0.005257495911781488,0.004999999999999893,1.4948279511855813e-16,2.609024107869118e-15,0.04708600044250488,1.748442541608247e-16
8e36dee956c9ce6b,two_bands_fast_d8,rotation_43,adam,Adam,8,fast,0.4999999999999996,9.138743743007068e-09,9.138743743007068e-09,48,0.03337956857529495,0.03337956857529495,0.047704046771482655,5.551115123125783e-16,,0.05369901657104492,
8e87bab2307e4697,geometric_slow_d8,rotation_29,sgd_small,SGD,8,slow,0.4999999999999999,0.17953173932632313,0.17953173932632313,,3.5823891061981314e-05,3.5823891061981314e-05,0.000500000000000056,3.4233740524674315e-16,3.574918139293004e-14,0.046144962310791016,1.6922525703951946e-14
8eb6b648bb87b2cd,two_bands_fast_d8,diagonal,sgd_small,SGD,8,fast,0.5000000000000001,6.039716305598372e-31,6.039716305598372e-31,45,0.0006265681333247294,0.0006265681333247294,0.050000000000000044,0.0,1.110223009173615e-15,0.04521489143371582,2.8754845392896915e-17
8efda162f53ae139,two_bands_slow_d8,rotation_17,sgd_small,SGD,8,slow,0.5000000000000002,0.17953173932632313,0.17953173932632313,,3.582389106195255e-05,3.582389106195255e-05,0.0004999999999997229,6.552520676621257e-16,3.574918139293004e-14,0.04678702354431152,1.6894341219053028e-14
91627e6ff6d4559b,geometric_fast_d8,diagonal,sgd_small,SGD,8,fast,0.5000000000000001,6.039716305598372e-31,6.039716305598372e-31,45,0.0006265681333247294,0.0006265681333247294,0.050000000000000044,0.0,1.110223009173615e-15,0.3671281337738037,2.8754845392896915e-17
9756b218d45a436e,geometric_fast_d8,rotation_29,sgd_large,SGD,8,fast,0.5000000000000001,1.4821385091551927e-32,1.4821385091551927e-32,11,0.0013137697785168252,0.0013137697785168252,0.20000000000000007,1.1102230246251565e-16,2.220446049250313e-16,0.046051025390625,6.014766813711564e-18
9e9307dcaa71ab15,geometric_slow_d8,rotation_17,sgd_small,SGD,8,slow,0.5000000000000002,0.17953173932632313,0.17953173932632313,,3.582389106195018e-05,3.582389106195018e-05,0.0004999999999997229,8.1513723653264785e-16,3.574918139293004e-14,0.046289920806884766,1.689197477763448e-14
a224b795fe9a4e0e,two_bands_fast_d8,rotation_29,momentum_large,SGD,8,fast,0.5000000000000001,1.3722250853759055e-32,1.5196790967430533e-33,33,0.01748366194015156,0.0052875566872697165,0.020000000000000018,2.9170456698390984e-17,4.440892098500626e-15,0.04746389389038086,1.1517440103815888e-16
a83c99975731cc48,two_bands_fast_d8,rotation_43,momentum_large,SGD,8,fast,0.4999999999999996,5.004653092693679e-32,1.0254542518833307e-33,33,0.01748366194015154,0.005287556687269718,0.020000000000000462,4.440892098500626e-16,4.496403249731884e-15,0.04756784439086914,1.117421607291996e-16
a8a1a8e003aecef2,two_bands_slow_d8,rotation_29,sgd_large,SGD,8,slow,0.4999999999999999,0.008285496932675432,0.008285496932675432,,0.00012280975942579862,0.00012280975942579862,0.002000000000000113,6.167784659438668e-16,9.673338518717559e-16,0.045777082443237305,1.0921664923101478e-16
a9fa2f4817ebaa06,geometric_fast_d8,rotation_17,sgd_large,SGD,8,fast,0.5000000000000002,1.3855410853820204e-32,1.3855410853820204e-32,11,0.0013137697785168263,0.0013137697785168263,0.19999999999999996,1.1102230246251565e-16,3.5747284240174407e-16,0.04584312438964844,9.129351258209074e-18
ac17aa02b2748373,two_bands_fast_d8,rotation_17,momentum_large,SGD,8,fast,0.5000000000000002,5.459654042055164e-32,4.0062728266984874e-33,33,0.017483661940151565,0.005287556687269723,0.019999999999999685,3.3306690738754696e-16,4.288236432614667e-15,0.047445058822631836,1.0942725597518969e-16
ac1d7555d19d7dd9,geometric_fast_d8,rotation_43,sgd_large,SGD,8,fast,0.4999999999999996,5.072794149222146e-32,5.048419098363495e-32,11,0.0013137697785168291,0.0013137697785168291,0.2000000000000004,4.440892098500626e-16,4.440892098500626e-16,0.04576897621154785,1.739695504380285e-17
afcbbc75d9984eed,geometric_fast_d8,diagonal,sgd_large,SGD,8,fast,0.5000000000000001,1.232595164407831e-32,1.232595164407831e-32,11,0.0013137697785168265,0.0013137697785168265,0.20000000000000007,1.1102230246251565e-16,2.220446049250313e-16,0.045762062072753906,7.15604015425232e-18
b58c1022997ee373,geometric_slow_d8,rotation_43,sgd_large,SGD,8,slow,0.4999999999999999,0.008285496932675595,0.008285496932675595,,0.00012280975942571178,0.00012280975942571178,0.0019999999999998908,2.313766205650468e-15,2.3084678218594972e-15,0.04618692398071289,1.6741248434524803e-16
b90c070991ed64d8,two_bands_slow_d8,diagonal,sgd_large,SGD,8,slow,0.4999999999999999,0.008285496932675492,0.008285496932675492,,0.00012280975942578756,0.00012280975942578756,0.0019999999999998908,1.1102230246251565e-16,8.049116928532385e-16,0.0461430549621582,1.5961650446467037e-16
bba46888ab8234d5,two_bands_slow_d8,diagonal,momentum_long_startup,SGD,8,slow,0.4999999999999999,0.004527635412543396,0.004527635412543396,1006,0.043557780114037555,0.01669346159572149,1.999999999990898e-05,1.1102230246251565e-16,2.0980439607853896e-12,0.04750990867614746,6.135311741913777e-13
bbda5be7c9eb07be,geometric_slow_d8,rotation_43,momentum_long_startup,SGD,8,slow,0.4999999999999999,0.00452763541254347,0.00452763541254347,1006,0.04355778011403756,0.016693461595721378,2.0000000000131024e-05,2.8120187783789422e-15,2.097266804668152e-12,0.04720902442932129,6.134451500299872e-13
bc32fcd66ca9add8,geometric_slow_d8,rotation_17,adam,Adam,8,slow,0.5000000000000002,1.508294831537883e-06,1.1264055950981853e-06,517,0.35311347574882046,0.35311347574882046,0.004066686073485926,8.222589276130066e-16,,0.054338693618774414,
bec989329e8c2035,two_bands_slow_d8,rotation_29,momentum_small,SGD,8,slow,0.4999999999999999,0.18033373136120862,0.18033373136120862,,0.0024123063563884464,0.0006633888222994905,5.000000000021654e-05,7.596340381502532e-16,1.326050380612287e-12,0.047576904296875,6.107194861927839e-13
cd9528abf5426e98,geometric_fast_d8,rotation_29,momentum_large,SGD,8,fast,0.5000000000000001,1.288567503416585e-32,6.199087008496415e-34,33,0.01748366194015156,0.0052875566872697165,0.020000000000000018,1.1288295066996748e-17,4.440892098500626e-15,0.04758095741271973,1.15433980494939e-16
d3c7ab08a7bbfc7d,two_bands_fast_d8,diagonal,momentum_large,SGD,8,fast,0.5000000000000001,0.0,0.0,33,0.01748366194015156,0.005287556687269718,0.020000000000000018,0.0,4.440892098500626e-15,0.047058820724487305,1.1203717895836857e-16
d6bbcd1520834778,two_bands_fast_d8,rotation_29,momentum_long_startup,SGD,8,fast,0.5000000000000001,6.008026405017937e-09,5.50920849036996e-10,436,0.0659810979647632,0.04560106896671848,0.0020000000000000018,1.868534459434546e-17,7.438494264988549e-15,0.047421932220458984,8.411050157013487e-16
d73b51aafba17b61,geometric_fast_d8,rotation_29,sgd_small,SGD,8,fast,0.5000000000000001,1.2380509628284154e-30,1.2342893809057841e-30,45,0.000626568133324728,0.000626568133324728,0.050000000000000044,2.530425061330228e-17,1.5359916187990244e-15,0.047010183334350586,2.966557063437896e-17
d75777f549e4527f,geometric_fast_d8,rotation_17,momentum_long_startup,SGD,8,fast,0.5000000000000002,6.008026405017937e-09,5.509208490213607e-10,436,0.06598109796476322,0.045601068966718505,0.0019999999999996687,3.3306690738754696e-16,7.716050021144838e-15,0.04707980155944824,8.619074628016118e-16
d7a74f47ea85bfaf,two_bands_slow_d8,diagonal,adam,Adam,8,slow,0.4999999999999999,0.00027889879179608543,0.00027889879179608543,741,0.32500073254070044,0.32500073254070044,0.001999999799999874,1.1102230246251565e-16,,0.053379058837890625,
d9f3495a15dedb8e,geometric_fast_d8,rotation_17,adam,Adam,8,fast,0.5000000000000002,1.6912472905980256e-07,1.6912472905980256e-07,48,0.03311400306329556,0.03311400306329556,0.048148125079304216,2.220446049250313e-16,,0.054715871810913086,
dc71d60b3bea6e26,geometric_slow_d8,rotation_17,sgd_large,SGD,8,slow,0.5000000000000002,0.008285496932675432,0.008285496932675432,,0.00012280975942581215,0.00012280975942581215,0.0019999999999995577,1.1181328407622798e-15,1.423492328934081e-15,0.046440839767456055,9.735862584628037e-17
de8fda8f429f9fdb,geometric_slow_d8,diagonal,momentum_large,SGD,8,slow,0.4999999999999999,0.007968933555915792,0.007968933555915792,,0.00478594931487939,0.0022528206814704118,0.00019999999999997797,0.0,1.6880941089425505e-13,0.047167062759399414,5.515827113901579e-14
df3071e859674d43,geometric_fast_d8,rotation_43,momentum_long_startup,SGD,8,fast,0.4999999999999996,6.008026405035148e-09,5.50920849036996e-10,436,0.0659810979647631,0.04560106896671839,0.002000000000000557,5.551115123125783e-16,6.38378239159465e-15,0.04781389236450195,7.682200626875628e-16
df39a7d4657be8c1,two_bands_slow_d8,rotation_17,momentum_large,SGD,8,slow,0.5000000000000002,0.007968933555915771,0.007968933555915771,,0.00478594931487946,0.002252820681470369,0.0001999999999996449,7.313948016242221e-16,1.688649220454863e-13,0.047395944595336914,5.5201258207559845e-14
e0768f699b5d4c60,geometric_slow_d8,rotation_29,momentum_large,SGD,8,slow,0.4999999999999999,0.00796893355591585,0.00796893355591585,,0.004785949314879395,0.002252820681470333,0.00020000000000020002,2.220446049250313e-16,1.6880941089425505e-13,0.04832720756530762,5.5232878441479715e-14
e124e9b9e439c6fd,geometric_slow_d8,rotation_17,momentum_small,SGD,8,slow,0.5000000000000002,0.1803337313612088,0.1803337313612088,,0.0024123063563886455,0.0006633888222993171,4.999999999988347e-05,1.3546624350538642e-15,1.326494469822137e-12,0.04866623878479004,6.10894416323771e-13
e3fad3bf51a7bb67,two_bands_fast_d8,rotation_17,adam,Adam,8,fast,0.5000000000000002,1.6857927593714172e-07,1.6857927593714172e-07,45,0.0331961266569045,0.0331961266569045,0.048148125079304216,2.220446049250313e-16,,0.05343914031982422,
e403095134e79c6e,geometric_fast_d8,rotation_43,adam,Adam,8,fast,0.4999999999999996,6.3498843307376556e-12,6.3498843307376556e-12,52,0.03304750016700841,0.03304750016700841,0.047704046771482655,5.551115123125783e-16,,0.05385303497314453,
e48733fa09da2f2d,geometric_slow_d8,diagonal,sgd_large,SGD,8,slow,0.4999999999999999,0.008285496932675492,0.008285496932675492,,0.00012280975942578756,0.00012280975942578756,0.0019999999999998908,1.1102230246251565e-16,8.049116928532385e-16,0.04637026786804199,1.5961650446467037e-16
ea29a00201c3f9c4,two_bands_slow_d8,rotation_17,momentum_long_startup,SGD,8,slow,0.5000000000000002,0.0045276354125434555,0.0045276354125434555,1006,0.043557780114037624,0.016693461595721448,1.9999999999575913e-05,1.0186069634096015e-15,2.0976553827267708e-12,0.04765582084655762,6.134932126738967e-13
ed81770e3b9e87c3,two_bands_slow_d8,diagonal,sgd_small,SGD,8,slow,0.4999999999999999,0.17953173932632294,0.17953173932632294,,3.5823891062122457e-05,3.5823891062122457e-05,0.000500000000000056,1.1102230246251565e-16,3.5860203695392556e-14,0.045001983642578125,1.706344137376752e-14
f0598596ee92af1b,geometric_fast_d8,rotation_29,momentum_small,SGD,8,fast,0.5000000000000001,1.9904862133434346e-31,1.6344073453833086e-32,37,0.015476075607616456,0.005257495911781485,0.0050000000000001155,1.1102230246251565e-16,2.6645352591003757e-15,0.04745912551879883,1.765247203471029e-16
f1a252ad367cfbd6,two_bands_fast_d8,rotation_17,momentum_long_startup,SGD,8,fast,0.5000000000000002,6.008026405035148e-09,5.509208490317842e-10,436,0.0659810979647632,0.04560106896671848,0.0019999999999996687,3.3306690738754696e-16,7.605027718682322e-15,0.0479128360748291,8.462310371869514e-16
f2dc1d09d0f80738,two_bands_fast_d8,diagonal,sgd_large,SGD,8,fast,0.5000000000000001,1.232595164407831e-32,1.232595164407831e-32,11,0.0013137697785168265,0.0013137697785168265,0.20000000000000007,1.1102230246251565e-16,2.220446049250313e-16,0.044651031494140625,7.15604015425232e-18
f3253f8a1769ae4e,geometric_fast_d8,rotation_17,sgd_small,SGD,8,fast,0.5000000000000002,6.116461980774857e-31,6.116461980774857e-31,45,0.0006265681333247296,0.0006265681333247296,0.04999999999999993,1.1102230246251565e-16,1.2260386905485843e-15,0.04843020439147949,2.925099378029698e-17
f5115d6c2dba467e,geometric_fast_d8,rotation_17,momentum_small,SGD,8,fast,0.5000000000000002,1.1511644389467081e-31,2.1356193286643188e-32,37,0.015476075607616465,0.005257495911781488,0.004999999999999893,1.1102230246251565e-16,2.6645352591003757e-15,0.04780316352844238,1.7450999707971056e-16
f75062f96f133d3e,geometric_slow_d8,rotation_29,momentum_long_startup,SGD,8,slow,0.4999999999999999,0.0045276354125434555,0.0045276354125434555,1006,0.04355778011403758,0.016693461595721375,2.0000000000131024e-05,3.0422478034132317e-16,2.0975998715755395e-12,0.0474088191986084,6.134340159181897e-13
fa52faa3bb6cfb24,two_bands_fast_d8,rotation_43,sgd_large,SGD,8,fast,0.4999999999999996,5.130572047553763e-32,5.031811714175077e-32,11,0.0013137697785168298,0.0013137697785168298,0.2000000000000004,4.440892098500626e-16,4.440892098500626e-16,0.0458681583404541,1.7465682367762508e-17
fbbaa3ed32e536a4,geometric_slow_d8,rotation_29,adam,Adam,8,slow,0.4999999999999999,1.019746376401549e-07,1.019746376401549e-07,465,0.3598644516156206,0.3598644516156206,0.004472472180736431,3.8272336688738307e-16,,0.05380702018737793,
