cell_id,condition,width,seed,trace_scale,trace_match_error,target_rayleigh_ratio,permutation_ratio_mean,target_above_permutation_fraction,target_to_permutation_mean,learned_probe_final_relative_loss,equaltrace_initial_probe_final_relative_loss,unscaled_initial_probe_final_relative_loss,learned_probe_final_test_loss,equaltrace_initial_probe_final_test_loss,nonlinear_pretrain_final_loss,seconds,equal_trace_probe_gain_relative_initial_residual
0039d7c09f79fc1c,triple_product_d7_uniform,8,11,1.3290875444789854,2.220446049250313e-16,3.4469238167515477,2.3468910752054373,0.90625,1.4687191293911321,0.25896906570946365,0.4168308397138862,0.4566332465511029,0.8575055395570382,0.8483707458800107,0.43979772670573886,0.47406792640686035,0.15786177400442253
0a5828eaf790dd86,triple_product_d7_uniform,8,29,1.12335724968416,0.0,3.141288015714024,1.6311061434381444,0.96875,1.9258636406657306,0.3510222240703133,0.4659087921915086,0.48872351834489375,0.7781171879849216,0.6876058871421216,0.46812777349148754,0.1384141445159912,0.1148865681211953
1e96d1cc348460d3,triple_product_d7_uniform,64,47,3.2364311823286807,0.0,1.8309142346509053,1.422376170156701,0.90625,1.287222236329505,0.36110407889711443,0.4725490683094204,0.6836645569782649,0.805974187975082,0.7737338120110113,0.1679309877846511,0.6045091152191162,0.11144498941230596
2a8d25215694d022,soft_bump_d7_uniform,8,47,1.5168983252173405,0.0,5.84582829277122,2.595917095160142,1.0,2.251931813874276,0.5324953363330605,0.659607663899015,0.7005181018428781,0.36643833414121996,0.35195904868881533,0.4188148463830822,0.13829398155212402,0.12711232756595459
3bb377e4b3f3f0b8,triple_product_d7_uniform,64,11,3.290267457479798,8.881784197001252e-16,1.826829822298207,1.5681946424733235,0.875,1.1649254326089071,0.32412878201089684,0.480547088126985,0.7066656000409385,0.785271646993384,0.7818090701310807,0.18173812876176854,0.6020371913909912,0.15641830611608815
5b6a247260ce85d9,soft_bump_d7_uniform,64,47,2.57197831500252,0.0,1.8350004543212846,1.4101419433092173,0.96875,1.3012877625744828,0.3669368600095435,0.47824157465121697,0.6564761491611628,0.28969295303822107,0.2820575973781171,0.27008559050662173,0.6093308925628662,0.11130471464167346
6b55bee6df7851f2,soft_bump_d7_uniform,64,29,3.163472026155875,8.881784197001252e-16,2.176157881412855,1.5119439732869133,1.0,1.4393111913280516,0.32573009263001146,0.4675986851335379,0.665729440228968,0.2916811950137059,0.29016665907723105,0.23777434876678835,0.6031720638275146,0.14186859250352646
6de59bd1aad67b51,triple_product_d7_uniform,8,47,1.257144514404942,0.0,2.1401488525584047,2.2708996677137256,0.46875,0.9424233412799972,0.4463900217650412,0.5156859538466019,0.5422353162807922,0.9352581070657221,0.9870994634748991,0.4411611789581699,0.13911700248718262,0.06929593208156065
6de9d6bb501d3139,soft_bump_d7_uniform,8,29,1.021967441551555,2.220446049250313e-16,1.1440771413879138,1.0358383509428513,0.84375,1.10449390133754,0.6599614538828341,0.6750864882541402,0.6784404343654288,0.4307130245166126,0.4621793715262034,0.490058199056995,0.1374192237854004,0.015125034371306079
b272cda559562e10,soft_bump_d7_uniform,8,11,1.687876570354791,0.0,7.185801856012381,3.497401898406275,1.0,2.0546114129139306,0.4320284048176709,0.680295572102068,0.7469208011460897,0.33730324448799265,0.32310392447954606,0.40938594596823236,0.1377871036529541,0.24826716728439713
d1f682676ffc2852,triple_product_d7_uniform,64,29,3.4503523999969428,0.0,1.7932479129541818,1.5085563478867026,0.71875,1.1887178861209238,0.33482011563595554,0.4437998855517906,0.6977830989628189,0.7782222537596164,0.7911011791964953,0.17392005328956395,0.6006228923797607,0.10897976991583508
f17843e32d6e7b78,soft_bump_d7_uniform,64,11,2.8216335492137183,8.881784197001252e-16,1.891172314284221,1.545784575778842,0.875,1.2234384686697728,0.3706617939243214,0.5123004820866889,0.69899204922082,0.28072333779185044,0.2538181639940642,0.2700130685564596,0.606374979019165,0.14163868816236747
