dataset,optimizer,intervention,mean,seed,test_mse,offset_mse,centered_mse
mvar_02036a,Adam,frozen_hidden,-3,0,10.78949496746713,8.851863812465515,1.9376311550016148
mvar_02036a,Adam,frozen_hidden,-3,1,10.072682916452099,8.121886733554838,1.9507961828972604
mvar_02036a,Adam,frozen_hidden,-3,2,10.92571869812379,8.981112419317236,1.9446062788065532
mvar_02036a,Adam,frozen_hidden,-3,3,9.932191984350101,7.989019436563998,1.9431725477861033
mvar_02036a,Adam,frozen_hidden,-3,4,10.197643147753487,8.27102945648919,1.926613691264297
mvar_02036a,Adam,frozen_hidden,-3,5,10.411011988130895,8.499325972822746,1.911686015308149
mvar_02036a,Adam,frozen_hidden,-3,6,9.708466278512176,7.762691285475135,1.9457749930370412
mvar_02036a,Adam,frozen_hidden,-3,7,10.36654234591283,8.420162454355888,1.9463798915569424
mvar_02036a,Adam,frozen_hidden,-3,8,10.242463271876442,8.319758326926337,1.9227049449501052
mvar_02036a,Adam,frozen_hidden,-3,9,10.341453732210748,8.39127435889964,1.9501793733111086
mvar_02036a,Adam,frozen_hidden,0,0,1.920389476298009,0.0033845866803242333,1.9170048896176848
mvar_02036a,Adam,frozen_hidden,0,1,1.9266973516526509,0.0005814963243091831,1.9261158553283417
mvar_02036a,Adam,frozen_hidden,0,2,1.9271625245211044,0.005339407541588751,1.9218231169795157
mvar_02036a,Adam,frozen_hidden,0,3,1.9205864195010973,0.00045530961019421627,1.920131109890903
mvar_02036a,Adam,frozen_hidden,0,4,1.8952942154920147,2.8910682817936405e-05,1.8952653048091967
mvar_02036a,Adam,frozen_hidden,0,5,1.8935935984792738,4.471841305054423e-05,1.8935488800662232
mvar_02036a,Adam,frozen_hidden,0,6,1.9219892186554004,0.004626715779351692,1.9173625028760488
mvar_02036a,Adam,frozen_hidden,0,7,1.9301503467772205,6.537046972272341e-06,1.9301438097302483
mvar_02036a,Adam,frozen_hidden,0,8,1.9024125404312926,0.0002762720338306442,1.9021362683974619
mvar_02036a,Adam,frozen_hidden,0,9,1.934766918633011,0.00013717158396210486,1.9346297470490488
mvar_02036a,Adam,frozen_hidden,3,0,9.624341699134492,7.691193823215417,1.933147875919075
mvar_02036a,Adam,frozen_hidden,3,1,10.513366253208773,8.573876650274926,1.9394896029338469
mvar_02036a,Adam,frozen_hidden,3,2,9.698747700034065,7.761423607608966,1.937324092425099
mvar_02036a,Adam,frozen_hidden,3,3,10.545903876050644,8.607969170456672,1.9379347055939729
mvar_02036a,Adam,frozen_hidden,3,4,10.148217222707807,8.23892032571072,1.9092968969970858
mvar_02036a,Adam,frozen_hidden,3,5,10.15540158800585,8.240998629116255,1.9144029588895943
mvar_02036a,Adam,frozen_hidden,3,6,10.963480007503058,9.03095783514811,1.9325221723549486
mvar_02036a,Adam,frozen_hidden,3,7,10.154852872856239,8.206933368184702,1.9479195046715372
mvar_02036a,Adam,frozen_hidden,3,8,10.01810729587193,8.098575152199718,1.9195321436722121
mvar_02036a,Adam,frozen_hidden,3,9,10.27113560224778,8.304580873451687,1.9665547287960923
mvar_02036a,Adam,matched_bias,-3,0,0.7528752511957373,0.003372378633295146,0.7495028725624422
mvar_02036a,Adam,matched_bias,-3,1,0.7417285905502409,0.004402704882183139,0.7373258856680578
mvar_02036a,Adam,matched_bias,-3,2,0.7373189992854874,9.580604959564566e-06,0.7373094186805278
mvar_02036a,Adam,matched_bias,-3,3,0.7875415490199305,0.0165838951103814,0.7709576539095491
mvar_02036a,Adam,matched_bias,-3,4,0.7428518265034296,0.012148794366809402,0.7307030321366202
mvar_02036a,Adam,matched_bias,-3,5,0.7374581923189546,0.004993473650152119,0.7324647186688025
mvar_02036a,Adam,matched_bias,-3,6,0.7359468264830907,0.0005784982402785716,0.7353683282428122
mvar_02036a,Adam,matched_bias,-3,7,0.7309025343940314,0.0041293873251681806,0.7267731470688632
mvar_02036a,Adam,matched_bias,-3,8,0.7468990821405428,7.124785163554353e-05,0.7468278342889072
mvar_02036a,Adam,matched_bias,-3,9,0.7269999243370463,0.007238343908527043,0.7197615804285192
mvar_02036a,Adam,matched_bias,0,0,0.7528752121999048,0.0033723525158747296,0.7495028596840301
mvar_02036a,Adam,matched_bias,0,1,0.7417286909295846,0.004402746619643742,0.7373259443099408
mvar_02036a,Adam,matched_bias,0,2,0.7373190955563867,9.578364166404686e-06,0.7373095171922204
mvar_02036a,Adam,matched_bias,0,3,0.7875413771947639,0.016583751118324126,0.7709576260764398
mvar_02036a,Adam,matched_bias,0,4,0.7428517728246449,0.012148716739690438,0.7307030560849544
mvar_02036a,Adam,matched_bias,0,5,0.7374582234274665,0.004993442768173272,0.7324647806592932
mvar_02036a,Adam,matched_bias,0,6,0.7359468712766544,0.0005785195482784858,0.7353683517283759
mvar_02036a,Adam,matched_bias,0,7,0.730902650758831,0.0041293351835673675,0.7267733155752636
mvar_02036a,Adam,matched_bias,0,8,0.7468990353026503,7.12451921354594e-05,0.7468277901105149
mvar_02036a,Adam,matched_bias,0,9,0.727000027428379,0.00723838595787113,0.7197616414705079
mvar_02036a,Adam,matched_bias,3,0,0.7528751444935913,0.0033723108394213964,0.7495028336541699
mvar_02036a,Adam,matched_bias,3,1,0.7417287083417092,0.0044027741865985725,0.7373259341551106
mvar_02036a,Adam,matched_bias,3,2,0.737319118298595,9.57603501381901e-06,0.7373095422635811
mvar_02036a,Adam,matched_bias,3,3,0.787541394431708,0.01658370939263929,0.7709576850390687
mvar_02036a,Adam,matched_bias,3,4,0.7428517006554056,0.012148614983388489,0.7307030856720171
mvar_02036a,Adam,matched_bias,3,5,0.737458222402787,0.004993385364471649,0.7324648370383153
mvar_02036a,Adam,matched_bias,3,6,0.7359469083039745,0.0005785281784818596,0.7353683801254927
mvar_02036a,Adam,matched_bias,3,7,0.7309027387801608,0.004129305365003587,0.7267734334151572
mvar_02036a,Adam,matched_bias,3,8,0.7468990305794923,7.124085931525418e-05,0.746827789720177
mvar_02036a,Adam,matched_bias,3,9,0.7270001485828769,0.0072384115361739795,0.7197617370467029
mvar_02036a,SGD,frozen_hidden,-3,0,2.336200641402609,0.387483434410961,1.948717206991648
mvar_02036a,SGD,frozen_hidden,-3,1,2.449133917925824,0.46091531467620556,1.9882186032496185
mvar_02036a,SGD,frozen_hidden,-3,2,2.500799233606483,0.5650760191793203,1.9357232144271626
mvar_02036a,SGD,frozen_hidden,-3,3,2.567817693424415,0.549752787881559,2.018064905542856
mvar_02036a,SGD,frozen_hidden,-3,4,2.2802061604784636,0.30989326674457673,1.9703128937338867
mvar_02036a,SGD,frozen_hidden,-3,5,2.590193482743519,0.7267510099864954,1.8634424727570238
mvar_02036a,SGD,frozen_hidden,-3,6,2.7424276484187935,0.7333163707529625,2.009111277665831
mvar_02036a,SGD,frozen_hidden,-3,7,2.3956919198857305,0.47456357304671737,1.921128346839013
mvar_02036a,SGD,frozen_hidden,-3,8,2.2431800241225828,0.3234769429232647,1.919703081199318
mvar_02036a,SGD,frozen_hidden,-3,9,2.4241199616683238,0.6136943859008367,1.810425575767487
mvar_02036a,SGD,frozen_hidden,0,0,1.9004080458402657,0.0002102384916772761,1.9001978073485883
mvar_02036a,SGD,frozen_hidden,0,1,1.9205267013549967,0.0002632620148002889,1.9202634393401965
mvar_02036a,SGD,frozen_hidden,0,2,1.912471474285973,0.0009439354095938497,1.911527538876379
mvar_02036a,SGD,frozen_hidden,0,3,1.9088472737744464,0.0002598690009807906,1.9085874047734657
mvar_02036a,SGD,frozen_hidden,0,4,1.8829575923654696,4.7334652306898876e-05,1.8829102577131627
mvar_02036a,SGD,frozen_hidden,0,5,1.8855350383490044,5.17042523845602e-05,1.8854833340966197
mvar_02036a,SGD,frozen_hidden,0,6,1.9060052596803074,0.0006401012904847467,1.9053651583898228
mvar_02036a,SGD,frozen_hidden,0,7,1.9229328702814286,5.781829489266981e-05,1.9228750519865359
mvar_02036a,SGD,frozen_hidden,0,8,1.8945396252244175,0.00017718409421055056,1.894362441130207
mvar_02036a,SGD,frozen_hidden,0,9,1.9241460306434148,0.000704753376004262,1.9234412772674105
mvar_02036a,SGD,frozen_hidden,3,0,2.264107236768086,0.3522216128785692,1.911885623889517
mvar_02036a,SGD,frozen_hidden,3,1,2.384000224591806,0.5060299846275121,1.8779702399642937
mvar_02036a,SGD,frozen_hidden,3,2,2.3827765630739677,0.47647012638720404,1.9063064366867637
mvar_02036a,SGD,frozen_hidden,3,3,2.311610730406783,0.5029815490112534,1.8086291813955295
mvar_02036a,SGD,frozen_hidden,3,4,2.1109252101612777,0.29476253764606963,1.816162672515208
mvar_02036a,SGD,frozen_hidden,3,5,2.6808996679624073,0.7514773988161468,1.9294222691462606
mvar_02036a,SGD,frozen_hidden,3,6,2.6348070737023255,0.8225385222552967,1.812268551447029
mvar_02036a,SGD,frozen_hidden,3,7,2.4427409896338386,0.495747554176223,1.9469934354576155
mvar_02036a,SGD,frozen_hidden,3,8,2.1939381096463686,0.29390255146911487,1.9000355581772537
mvar_02036a,SGD,frozen_hidden,3,9,2.761172881408057,0.699699947747797,2.06147293366026
mvar_02036a,SGD,matched_bias,-3,0,1.6902835805589813,0.00019215702790221015,1.690091423531079
mvar_02036a,SGD,matched_bias,-3,1,1.7754516733210015,0.00020104654148284107,1.7752506267795187
mvar_02036a,SGD,matched_bias,-3,2,1.7505147290701069,0.00032403296411431803,1.7501906961059925
mvar_02036a,SGD,matched_bias,-3,3,1.769893112804467,0.004477714798725622,1.7654153980057414
mvar_02036a,SGD,matched_bias,-3,4,1.6599864497253023,0.0015112587164831139,1.6584751910088191
mvar_02036a,SGD,matched_bias,-3,5,1.6927166898173331,1.3247313606226142e-05,1.6927034425037268
mvar_02036a,SGD,matched_bias,-3,6,1.7851461015082581,0.00010478404117050203,1.7850413174670876
mvar_02036a,SGD,matched_bias,-3,7,1.75564359709911,6.562104786438181e-05,1.7555779760512455
mvar_02036a,SGD,matched_bias,-3,8,1.7786692647374422,0.00010760680081281591,1.7785616579366295
mvar_02036a,SGD,matched_bias,-3,9,1.7803921745760987,0.0018275078774562534,1.7785646666986423
mvar_02036a,SGD,matched_bias,0,0,1.6902814747225827,0.0001919122153981252,1.6900895625071846
mvar_02036a,SGD,matched_bias,0,1,1.775451684572956,0.00020141279529578272,1.7752502717776601
mvar_02036a,SGD,matched_bias,0,2,1.7505122246250477,0.0003235545098440396,1.7501886701152036
mvar_02036a,SGD,matched_bias,0,3,1.769883056211087,0.004476100007776499,1.7654069562033106
mvar_02036a,SGD,matched_bias,0,4,1.6599789203952264,0.0015107288415925708,1.658468191553634
mvar_02036a,SGD,matched_bias,0,5,1.6927148487770636,1.3166472965461408e-05,1.6927016823040981
mvar_02036a,SGD,matched_bias,0,6,1.785144924517049,0.00010510033128103999,1.785039824185768
mvar_02036a,SGD,matched_bias,0,7,1.7556434188828014,6.542784867815653e-05,1.7555779910341232
mvar_02036a,SGD,matched_bias,0,8,1.7786686367368083,0.00010735004886755224,1.7785612866879408
mvar_02036a,SGD,matched_bias,0,9,1.7803986046312994,0.0018286319887962214,1.7785699726425033
mvar_02036a,SGD,matched_bias,3,0,1.6902794688978935,0.00019167365041381775,1.6900877952474798
mvar_02036a,SGD,matched_bias,3,1,1.7754517003033035,0.00020178208162411178,1.7752499182216794
mvar_02036a,SGD,matched_bias,3,2,1.7505095889781623,0.00032306315957633935,1.750186525818586
mvar_02036a,SGD,matched_bias,3,3,1.7698729739215455,0.004474599739312012,1.7653983741822334
mvar_02036a,SGD,matched_bias,3,4,1.6599712725036593,0.0015102111411055882,1.6584610613625537
mvar_02036a,SGD,matched_bias,3,5,1.6927130191030595,1.3085189105061445e-05,1.6926999339139543
mvar_02036a,SGD,matched_bias,3,6,1.7851437574710467,0.00010541862200608463,1.7850383388490405
mvar_02036a,SGD,matched_bias,3,7,1.7556432285170531,6.524502327957647e-05,1.7555779834937735
mvar_02036a,SGD,matched_bias,3,8,1.7786679316821514,0.00010708453212544914,1.778560847150026
mvar_02036a,SGD,matched_bias,3,9,1.780405057139407,0.0018297250237207818,1.7785753321156863
mvar_071e42,Adam,frozen_hidden,-3,0,10.993834350777796,8.985998235091417,2.007836115686379
mvar_071e42,Adam,frozen_hidden,-3,1,10.204175563000963,8.248283147723038,1.9558924152779245
mvar_071e42,Adam,frozen_hidden,-3,2,11.120112738457019,9.132936510613831,1.9871762278431877
mvar_071e42,Adam,frozen_hidden,-3,3,10.081746055058563,8.131025748736988,1.9507203063215748
mvar_071e42,Adam,frozen_hidden,-3,4,10.3691578166142,8.392643471040532,1.9765143455736673
mvar_071e42,Adam,frozen_hidden,-3,5,10.642772626679076,8.659055442971352,1.9837171837077232
mvar_071e42,Adam,frozen_hidden,-3,6,9.857875323054095,7.893979918689937,1.963895404364158
mvar_071e42,Adam,frozen_hidden,-3,7,10.50843182263461,8.56137584078446,1.9470559818501485
mvar_071e42,Adam,frozen_hidden,-3,8,10.408007676044495,8.444041278581267,1.9639663974632278
mvar_071e42,Adam,frozen_hidden,-3,9,10.505212831456141,8.522527190135339,1.9826856413208027
mvar_071e42,Adam,frozen_hidden,0,0,1.9737012619231264,0.011534864089486563,1.9621663978336399
mvar_071e42,Adam,frozen_hidden,0,1,1.9392557088589073,6.774640314049954e-05,1.9391879624557669
mvar_071e42,Adam,frozen_hidden,0,2,1.9673879559027017,0.01075815607425685,1.9566297998284448
mvar_071e42,Adam,frozen_hidden,0,3,1.9297327899654322,0.0003327166151043993,1.9294000733503278
mvar_071e42,Adam,frozen_hidden,0,4,1.951301790061737,0.0004838869457236111,1.9508179031160136
mvar_071e42,Adam,frozen_hidden,0,5,1.9552170457142681,0.0018440465385648084,1.9533729991757034
mvar_071e42,Adam,frozen_hidden,0,6,1.946101411389322,0.003691010768021092,1.942410400621301
mvar_071e42,Adam,frozen_hidden,0,7,1.930800890329147,0.0005350268822015449,1.9302658634469454
mvar_071e42,Adam,frozen_hidden,0,8,1.9507323928864437,0.0004881836578167818,1.950244209228627
mvar_071e42,Adam,frozen_hidden,0,9,1.947020367121283,0.0017117162059356638,1.9453086509153472
mvar_071e42,Adam,frozen_hidden,3,0,9.541364608530495,7.5634622360411745,1.9779023724893205
mvar_071e42,Adam,frozen_hidden,3,1,10.413726187041885,8.450122982906773,1.9636032041351115
mvar_071e42,Adam,frozen_hidden,3,2,9.602499894546838,7.623420361734019,1.9790795328128192
mvar_071e42,Adam,frozen_hidden,3,3,10.423162323854138,8.470866787265997,1.9522955365881405
mvar_071e42,Adam,frozen_hidden,3,4,10.091995349256,8.119555044472431,1.9724403047835697
mvar_071e42,Adam,frozen_hidden,3,5,10.087573252065098,8.10260865565803,1.9849645964070692
mvar_071e42,Adam,frozen_hidden,3,6,10.852790736458761,8.889953073988785,1.9628376624699762
mvar_071e42,Adam,frozen_hidden,3,7,10.028995201427474,8.075068882932579,1.9539263184948954
mvar_071e42,Adam,frozen_hidden,3,8,9.966433979318449,7.990672550323968,1.9757614289944812
mvar_071e42,Adam,frozen_hidden,3,9,10.137165014103658,8.178015844476299,1.9591491696273593
mvar_071e42,Adam,matched_bias,-3,0,0.8616717860966892,6.336576014548596e-05,0.8616084203365436
mvar_071e42,Adam,matched_bias,-3,1,0.8466594758420476,0.00041683554672943706,0.8462426402953181
mvar_071e42,Adam,matched_bias,-3,2,0.8550091462013687,0.00017649017006642954,0.8548326560313023
mvar_071e42,Adam,matched_bias,-3,3,0.8589793885258696,0.0006370497188429441,0.8583423388070267
mvar_071e42,Adam,matched_bias,-3,4,0.8597986439306832,2.6231878506172146e-08,0.8597986176988046
mvar_071e42,Adam,matched_bias,-3,5,0.8482803824890022,3.2012824463804185e-05,0.8482483696645383
mvar_071e42,Adam,matched_bias,-3,6,0.8694550824947904,0.0015804001407991304,0.8678746823539913
mvar_071e42,Adam,matched_bias,-3,7,0.8525410407048624,0.0041977057505164376,0.8483433349543459
mvar_071e42,Adam,matched_bias,-3,8,0.8402601669077545,0.00031531086481308146,0.8399448560429414
mvar_071e42,Adam,matched_bias,-3,9,0.8908790061187728,0.01939616199849109,0.8714828441202818
mvar_071e42,Adam,matched_bias,0,0,0.8616718091713645,6.33712709811732e-05,0.8616084379003833
mvar_071e42,Adam,matched_bias,0,1,0.8466595578831985,0.0004168344480546696,0.8462427234351438
mvar_071e42,Adam,matched_bias,0,2,0.8550091426543969,0.0001764854951940679,0.8548326571592028
mvar_071e42,Adam,matched_bias,0,3,0.8589794456331066,0.0006370611606522275,0.8583423844724544
mvar_071e42,Adam,matched_bias,0,4,0.8597986587019509,2.6157256715303035e-08,0.8597986325446942
mvar_071e42,Adam,matched_bias,0,5,0.8482804315342132,3.2008855731833933e-05,0.8482484226784813
mvar_071e42,Adam,matched_bias,0,6,0.86945512986374,0.0015804042880714325,0.8678747255756686
mvar_071e42,Adam,matched_bias,0,7,0.8525411475577926,0.004197768515783369,0.8483433790420093
mvar_071e42,Adam,matched_bias,0,8,0.8402601579539493,0.0003153072022864505,0.8399448507516628
mvar_071e42,Adam,matched_bias,0,9,0.890879076548519,0.019396113395479083,0.87148296315304
mvar_071e42,Adam,matched_bias,3,0,0.8616719404624188,6.337244365602247e-05,0.8616085680187627
mvar_071e42,Adam,matched_bias,3,1,0.8466596144187775,0.0004168335216988653,0.8462427808970786
mvar_071e42,Adam,matched_bias,3,2,0.8550092226770913,0.00017648833274257252,0.8548327343443488
mvar_071e42,Adam,matched_bias,3,3,0.8589795745865766,0.0006370616719219126,0.8583425129146547
mvar_071e42,Adam,matched_bias,3,4,0.8597987711137702,2.6137613293837018e-08,0.8597987449761569
mvar_071e42,Adam,matched_bias,3,5,0.8482805462558076,3.200682025079551e-05,0.8482485394355568
mvar_071e42,Adam,matched_bias,3,6,0.8694551920339401,0.001580394272496218,0.8678747977614438
mvar_071e42,Adam,matched_bias,3,7,0.8525412132520029,0.004197782714684599,0.8483434305373183
mvar_071e42,Adam,matched_bias,3,8,0.8402602828282366,0.0003152890770462317,0.8399449937511904
mvar_071e42,Adam,matched_bias,3,9,0.8908792372769634,0.01939612859936696,0.8714831086775964
mvar_071e42,SGD,frozen_hidden,-3,0,2.574709095801483,0.4608901438803403,2.113818951921143
mvar_071e42,SGD,frozen_hidden,-3,1,2.3567860647228827,0.4754817902360252,1.8813042744868573
mvar_071e42,SGD,frozen_hidden,-3,2,2.567200604766276,0.613915557786951,1.953285046979325
mvar_071e42,SGD,frozen_hidden,-3,3,2.408215164245018,0.5440393722244358,1.864175792020582
mvar_071e42,SGD,frozen_hidden,-3,4,2.308493585410788,0.3202648528972501,1.9882287325135382
mvar_071e42,SGD,frozen_hidden,-3,5,2.783784488202036,0.8461365312198387,1.9376479569821972
mvar_071e42,SGD,frozen_hidden,-3,6,2.653938387191768,0.7227665194742205,1.9311718677175476
mvar_071e42,SGD,frozen_hidden,-3,7,2.382532815425844,0.4976997570865861,1.8848330583392578
mvar_071e42,SGD,frozen_hidden,-3,8,2.2163518706556493,0.33401085136695174,1.8823410192886976
mvar_071e42,SGD,frozen_hidden,-3,9,2.812788771342367,0.7256312549274927,2.0871575164148743
mvar_071e42,SGD,frozen_hidden,0,0,1.9119951353642601,0.00578655906342016,1.90620857630084
mvar_071e42,SGD,frozen_hidden,0,1,1.9181549651675698,1.2284492727303995e-05,1.9181426806748425
mvar_071e42,SGD,frozen_hidden,0,2,1.9284127706652696,0.003977772483409786,1.9244349981818598
mvar_071e42,SGD,frozen_hidden,0,3,1.9068375316604897,4.8584344119334936e-08,1.9068374830761456
mvar_071e42,SGD,frozen_hidden,0,4,1.9188879284612121,0.0005635941218578738,1.9183243343393543
mvar_071e42,SGD,frozen_hidden,0,5,1.9171465092189433,0.0017997219428185708,1.9153467872761247
mvar_071e42,SGD,frozen_hidden,0,6,1.9205244513635662,0.0008506928607097198,1.9196737585028565
mvar_071e42,SGD,frozen_hidden,0,7,1.907937045366349,4.050637022830158e-06,1.907932994729326
mvar_071e42,SGD,frozen_hidden,0,8,1.929345785481293,0.00020386896153242864,1.9291419165197605
mvar_071e42,SGD,frozen_hidden,0,9,1.9174770086385513,0.002253251501176875,1.9152237571373745
mvar_071e42,SGD,frozen_hidden,3,0,2.0420346784351695,0.27746597797526606,1.7645687004599035
mvar_071e42,SGD,frozen_hidden,3,1,2.4440589124028893,0.4658634542662798,1.9781954581366095
mvar_071e42,SGD,frozen_hidden,3,2,2.3457266152781076,0.432159574034792,1.9135670412433154
mvar_071e42,SGD,frozen_hidden,3,3,2.504183638764208,0.5433891389696108,1.9607944997945972
mvar_071e42,SGD,frozen_hidden,3,4,2.135256667806209,0.2687789173018367,1.8664777505043724
mvar_071e42,SGD,frozen_hidden,3,5,2.609668830227835,0.6972421873713205,1.9124266428565146
mvar_071e42,SGD,frozen_hidden,3,6,2.743540106151351,0.8253539693699711,1.91818613678138
mvar_071e42,SGD,frozen_hidden,3,7,2.4502307398987444,0.4920362061352536,1.9581945337634907
mvar_071e42,SGD,frozen_hidden,3,8,2.3155628790662615,0.3018187558384459,2.0137441232278155
mvar_071e42,SGD,frozen_hidden,3,9,2.339941618526311,0.572902078011132,1.767039540515179
mvar_071e42,SGD,matched_bias,-3,0,1.3347580300585902,0.001142825007450648,1.3336152050511396
mvar_071e42,SGD,matched_bias,-3,1,1.3584679070604522,0.005086057679253301,1.3533818493811989
mvar_071e42,SGD,matched_bias,-3,2,1.5369092749443594,0.002492070944358663,1.5344172040000006
mvar_071e42,SGD,matched_bias,-3,3,1.5477491104243133,0.0027520801241632947,1.54499703030015
mvar_071e42,SGD,matched_bias,-3,4,1.320020662213041,0.006107242284332263,1.3139134199287088
mvar_071e42,SGD,matched_bias,-3,5,1.4020359381485281,0.0015479185805253879,1.4004880195680027
mvar_071e42,SGD,matched_bias,-3,6,1.6372851041074625,0.00018322961614671007,1.6371018744913157
mvar_071e42,SGD,matched_bias,-3,7,1.3723263966982941,0.006667859698566815,1.3656585369997274
mvar_071e42,SGD,matched_bias,-3,8,1.6562078731015013,0.0007095248091732601,1.655498348292328
mvar_071e42,SGD,matched_bias,-3,9,1.3816539349801769,0.002220062106820922,1.379433872873356
mvar_071e42,SGD,matched_bias,0,0,1.3347514842934558,0.0011427363059343238,1.3336087479875214
mvar_071e42,SGD,matched_bias,0,1,1.3584750429175287,0.005086062539239748,1.353388980378289
mvar_071e42,SGD,matched_bias,0,2,1.536904351563489,0.0024918087823234502,1.5344125427811657
mvar_071e42,SGD,matched_bias,0,3,1.547745177974099,0.0027517334640936764,1.5449934445100053
mvar_071e42,SGD,matched_bias,0,4,1.3200121700811884,0.006107296688837991,1.3139048733923504
mvar_071e42,SGD,matched_bias,0,5,1.4020356723551521,0.0015478453234241843,1.400487827031728
mvar_071e42,SGD,matched_bias,0,6,1.6372867176039603,0.00018337224876547508,1.6371033453551949
mvar_071e42,SGD,matched_bias,0,7,1.372330909599276,0.006668107984140975,1.3656628016151349
mvar_071e42,SGD,matched_bias,0,8,1.6562075861881873,0.0007092439840721524,1.6554983422041152
mvar_071e42,SGD,matched_bias,0,9,1.3816508913719092,0.0022200271518167244,1.3794308642200925
mvar_071e42,SGD,matched_bias,3,0,1.3347448867498206,0.00114264821584823,1.3336022385339723
mvar_071e42,SGD,matched_bias,3,1,1.3584825411676256,0.0050860577788814434,1.3533964833887442
mvar_071e42,SGD,matched_bias,3,2,1.5368997217973979,0.002491531175611191,1.5344081906217866
mvar_071e42,SGD,matched_bias,3,3,1.5477416248327338,0.0027513687814462433,1.5449902560512876
mvar_071e42,SGD,matched_bias,3,4,1.3200034936998843,0.006107344943471938,1.3138961487564125
mvar_071e42,SGD,matched_bias,3,5,1.4020353249201043,0.0015477752236648054,1.4004875496964395
mvar_071e42,SGD,matched_bias,3,6,1.6372884284421567,0.00018350684551050406,1.6371049215966462
mvar_071e42,SGD,matched_bias,3,7,1.372335598794336,0.006668329727530789,1.3656672690668052
mvar_071e42,SGD,matched_bias,3,8,1.6562074432613976,0.0007089644056229964,1.6554984788557745
mvar_071e42,SGD,matched_bias,3,9,1.3816479780992563,0.0022200043370387097,1.3794279737622177
mvar_0852dd,Adam,frozen_hidden,-3,0,10.026803196842671,8.547265260349882,1.4795379364927896
mvar_0852dd,Adam,frozen_hidden,-3,1,9.30262707691313,7.819817790357988,1.482809286555141
mvar_0852dd,Adam,frozen_hidden,-3,2,10.151013663422612,8.668398051547983,1.4826156118746283
mvar_0852dd,Adam,frozen_hidden,-3,3,9.121809990738722,7.679227233534285,1.4425827572044367
mvar_0852dd,Adam,frozen_hidden,-3,4,9.43535169570481,7.961366708372101,1.4739849873327087
mvar_0852dd,Adam,frozen_hidden,-3,5,9.672794407658238,8.191248510023009,1.481545897635229
mvar_0852dd,Adam,frozen_hidden,-3,6,8.950939420849148,7.48526278032626,1.4656766405228874
mvar_0852dd,Adam,frozen_hidden,-3,7,9.588994669293616,8.127929078334217,1.4610655909593984
mvar_0852dd,Adam,frozen_hidden,-3,8,9.494208495076373,8.012458310520225,1.481750184556148
mvar_0852dd,Adam,frozen_hidden,-3,9,9.552728976452208,8.074893003073752,1.4778359733784558
mvar_0852dd,Adam,frozen_hidden,0,0,1.4638036051021897,0.0001668763124578013,1.4636367287897318
mvar_0852dd,Adam,frozen_hidden,0,1,1.4749884303489276,0.008001177581842883,1.4669872527670846
mvar_0852dd,Adam,frozen_hidden,0,2,1.467366071419871,0.00014299162564339782,1.4672230797942276
mvar_0852dd,Adam,frozen_hidden,0,3,1.4294526788791218,0.006841100233249498,1.4226115786458722
mvar_0852dd,Adam,frozen_hidden,0,4,1.4501425940833608,0.0022957435320703845,1.4478468505512905
mvar_0852dd,Adam,frozen_hidden,0,5,1.4687416070497246,0.0020106699970870385,1.4667309370526376
mvar_0852dd,Adam,frozen_hidden,0,6,1.461752413949466,0.01502646066194037,1.4467259532875256
mvar_0852dd,Adam,frozen_hidden,0,7,1.4362336524021673,0.0014151710769417002,1.4348184813252256
mvar_0852dd,Adam,frozen_hidden,0,8,1.4684719902988417,0.0024577354133300464,1.4660142548855117
mvar_0852dd,Adam,frozen_hidden,0,9,1.4596454843904678,0.0029078402769211033,1.4567376441135467
mvar_0852dd,Adam,frozen_hidden,3,0,9.462563141503257,7.983477989345723,1.4790851521575332
mvar_0852dd,Adam,frozen_hidden,3,1,10.391184867159668,8.900583959591303,1.4906009075683642
mvar_0852dd,Adam,frozen_hidden,3,2,9.543374336715969,8.060380912074269,1.4829934246417
mvar_0852dd,Adam,frozen_hidden,3,3,10.371266873449937,8.937027597954568,1.4342392754953686
mvar_0852dd,Adam,frozen_hidden,3,4,10.011496266384826,8.547183505154472,1.4643127612303548
mvar_0852dd,Adam,frozen_hidden,3,5,10.049055108692112,8.555815795533373,1.493239313158739
mvar_0852dd,Adam,frozen_hidden,3,6,10.79971611904303,9.340174950889569,1.4595411681534607
mvar_0852dd,Adam,frozen_hidden,3,7,9.950298810150525,8.49710997006383,1.4531888400866944
mvar_0852dd,Adam,frozen_hidden,3,8,9.887160261643087,8.406307308815087,1.4808529528280001
mvar_0852dd,Adam,frozen_hidden,3,9,10.111810517332543,8.63225531773951,1.4795551995930332
mvar_0852dd,Adam,matched_bias,-3,0,0.6032405100445482,0.00026742884699094125,0.6029730811975572
mvar_0852dd,Adam,matched_bias,-3,1,0.6121655153020105,0.004578585874001145,0.6075869294280093
mvar_0852dd,Adam,matched_bias,-3,2,0.6193154690450683,0.0023137699504789397,0.6170016990945894
mvar_0852dd,Adam,matched_bias,-3,3,0.6222034243723291,0.010376227221323267,0.6118271971510059
mvar_0852dd,Adam,matched_bias,-3,4,0.6160038839547843,0.015577283270146415,0.6004266006846379
mvar_0852dd,Adam,matched_bias,-3,5,0.6423354960392755,0.02710931587105575,0.6152261801682197
mvar_0852dd,Adam,matched_bias,-3,6,0.6171273795282534,0.0019045273751323345,0.615222852153121
mvar_0852dd,Adam,matched_bias,-3,7,0.6241139406898848,0.0071508268819242896,0.6169631138079605
mvar_0852dd,Adam,matched_bias,-3,8,0.6330348263778667,0.015895450686241392,0.6171393756916252
mvar_0852dd,Adam,matched_bias,-3,9,0.625050006694399,0.02162884525517073,0.6034211614392283
mvar_0852dd,Adam,matched_bias,0,0,0.603240530408617,0.00026744221447257854,0.6029730881941444
mvar_0852dd,Adam,matched_bias,0,1,0.6121656745068362,0.004578652267826338,0.6075870222390098
mvar_0852dd,Adam,matched_bias,0,2,0.6193155536739734,0.0023137795134969587,0.6170017741604764
mvar_0852dd,Adam,matched_bias,0,3,0.6222035275536,0.010376223601515442,0.6118273039520845
mvar_0852dd,Adam,matched_bias,0,4,0.616004000499745,0.015577293202999398,0.6004267072967456
mvar_0852dd,Adam,matched_bias,0,5,0.6423356123823525,0.027109353985989567,0.6152262583963629
mvar_0852dd,Adam,matched_bias,0,6,0.61712752947249,0.001904564935220259,0.6152229645372698
mvar_0852dd,Adam,matched_bias,0,7,0.624114050513787,0.007150837568000452,0.6169632129457865
mvar_0852dd,Adam,matched_bias,0,8,0.6330349793687585,0.015895544859692638,0.6171394345090658
mvar_0852dd,Adam,matched_bias,0,9,0.6250501921170499,0.02162891230926139,0.6034212798077886
mvar_0852dd,Adam,matched_bias,3,0,0.6032405702403252,0.00026746212590971017,0.6029731081144155
mvar_0852dd,Adam,matched_bias,3,1,0.6121657173121596,0.004578657778019499,0.6075870595341402
mvar_0852dd,Adam,matched_bias,3,2,0.6193156716129404,0.0023138056547536336,0.6170018659581868
mvar_0852dd,Adam,matched_bias,3,3,0.6222037468205008,0.010376286324188019,0.6118274604963129
mvar_0852dd,Adam,matched_bias,3,4,0.616004119488907,0.015577329648914402,0.6004267898399925
mvar_0852dd,Adam,matched_bias,3,5,0.6423358876549834,0.02710948117333123,0.6152264064816522
mvar_0852dd,Adam,matched_bias,3,6,0.6171277151380201,0.0019045911863496906,0.6152231239516704
mvar_0852dd,Adam,matched_bias,3,7,0.6241142577325993,0.00715090610969678,0.6169633516229025
mvar_0852dd,Adam,matched_bias,3,8,0.6330350745745279,0.01589554955277783,0.6171395250217501
mvar_0852dd,Adam,matched_bias,3,9,0.6250503698834001,0.02162897099130652,0.6034213988920936
mvar_0852dd,SGD,frozen_hidden,-3,0,1.8465595679021207,0.3582672680595589,1.4882922998425618
mvar_0852dd,SGD,frozen_hidden,-3,1,1.823026763127532,0.4040008348350423,1.4190259282924897
mvar_0852dd,SGD,frozen_hidden,-3,2,1.89785126544647,0.45465054170779695,1.443200723738673
mvar_0852dd,SGD,frozen_hidden,-3,3,1.898206743247314,0.4444213030353904,1.4537854402119237
mvar_0852dd,SGD,frozen_hidden,-3,4,1.7512423793980292,0.24566182846764584,1.5055805509303832
mvar_0852dd,SGD,frozen_hidden,-3,5,2.073674035615074,0.6565769429302577,1.4170970926848163
mvar_0852dd,SGD,frozen_hidden,-3,6,2.1399955657404988,0.6493619723383582,1.4906335934021406
mvar_0852dd,SGD,frozen_hidden,-3,7,1.8840441741659677,0.4224080779860495,1.4616360961799182
mvar_0852dd,SGD,frozen_hidden,-3,8,1.7079898764096313,0.23979471558827747,1.4681951608213537
mvar_0852dd,SGD,frozen_hidden,-3,9,2.013251115249952,0.5602251085688933,1.4530260066810587
mvar_0852dd,SGD,frozen_hidden,0,0,1.4496410940536353,0.0003261134273080498,1.4493149806263272
mvar_0852dd,SGD,frozen_hidden,0,1,1.4544301761052658,0.0046688807781754245,1.4497612953270904
mvar_0852dd,SGD,frozen_hidden,0,2,1.4595746451459992,0.0017764622417119668,1.4577981829042872
mvar_0852dd,SGD,frozen_hidden,0,3,1.4158549474147328,0.0035981735266174056,1.4122567738881153
mvar_0852dd,SGD,frozen_hidden,0,4,1.4311500564627881,0.0021328818546255345,1.4290171746081626
mvar_0852dd,SGD,frozen_hidden,0,5,1.454083268781484,0.0030825547567453985,1.4510007140247385
mvar_0852dd,SGD,frozen_hidden,0,6,1.4412855138649538,0.00571322251661943,1.4355722913483344
mvar_0852dd,SGD,frozen_hidden,0,7,1.4150438898702018,0.0018398314516979463,1.413204058418504
mvar_0852dd,SGD,frozen_hidden,0,8,1.458863587735926,0.004177994804861157,1.4546855929310647
mvar_0852dd,SGD,frozen_hidden,0,9,1.4445718625810584,0.003917185150168667,1.4406546774308897
mvar_0852dd,SGD,frozen_hidden,3,0,1.884028125568415,0.4028076764186535,1.4812204491497616
mvar_0852dd,SGD,frozen_hidden,3,1,2.0997858579851725,0.5964005049326329,1.5033853530525396
mvar_0852dd,SGD,frozen_hidden,3,2,2.0645793618912966,0.5754352646041349,1.489144097287162
mvar_0852dd,SGD,frozen_hidden,3,3,2.002439741457592,0.6187694601674536,1.3836702812901385
mvar_0852dd,SGD,frozen_hidden,3,4,1.7198299800251924,0.3457547174954075,1.374075262529785
mvar_0852dd,SGD,frozen_hidden,3,5,2.3534324066784293,0.848859863311339,1.5045725433670905
mvar_0852dd,SGD,frozen_hidden,3,6,2.3064978296846075,0.9158518715713554,1.390645958113252
mvar_0852dd,SGD,frozen_hidden,3,7,1.9331649944462812,0.5412781384683816,1.3918868559778996
mvar_0852dd,SGD,frozen_hidden,3,8,1.857271280225238,0.3831154160258916,1.4741558641993464
mvar_0852dd,SGD,frozen_hidden,3,9,2.212697853398769,0.7632758584116379,1.449421994987131
mvar_0852dd,SGD,matched_bias,-3,0,1.206950937275905,0.0004874578649944209,1.2064634794109106
mvar_0852dd,SGD,matched_bias,-3,1,1.155871784746084,0.00654770299239266,1.1493240817536914
mvar_0852dd,SGD,matched_bias,-3,2,1.2224035262877326,0.004413637553028837,1.2179898887347038
mvar_0852dd,SGD,matched_bias,-3,3,1.231438192401541,0.0007938894619103571,1.2306443029396306
mvar_0852dd,SGD,matched_bias,-3,4,1.1488658605443365,0.00197623685786125,1.1468896236864752
mvar_0852dd,SGD,matched_bias,-3,5,1.2712747921676018,0.005136855023798407,1.2661379371438033
mvar_0852dd,SGD,matched_bias,-3,6,1.2934972771583462,0.006479891666530687,1.2870173854918154
mvar_0852dd,SGD,matched_bias,-3,7,0.9894933691902992,0.0020435914544814082,0.9874497777358178
mvar_0852dd,SGD,matched_bias,-3,8,1.3325540537585083,0.007083823632015651,1.3254702301264927
mvar_0852dd,SGD,matched_bias,-3,9,1.1489004455918599,0.009396620514875555,1.1395038250769842
mvar_0852dd,SGD,matched_bias,0,0,1.2069503372525268,0.00048776352952157833,1.2064625737230052
mvar_0852dd,SGD,matched_bias,0,1,1.15587410761023,0.006548413205673366,1.1493256944045565
mvar_0852dd,SGD,matched_bias,0,2,1.222405385313728,0.004414650412647145,1.2179907349010808
mvar_0852dd,SGD,matched_bias,0,3,1.2314345840908352,0.000794379072809024,1.230640205018026
mvar_0852dd,SGD,matched_bias,0,4,1.1488612999968453,0.001976560608267749,1.1468847393885775
mvar_0852dd,SGD,matched_bias,0,5,1.2712773937473998,0.005138239691907422,1.2661391540554923
mvar_0852dd,SGD,matched_bias,0,6,1.2935009957694814,0.006481781364269451,1.287019214405212
mvar_0852dd,SGD,matched_bias,0,7,0.9894939138535414,0.0020439236971928685,0.9874499901563485
mvar_0852dd,SGD,matched_bias,0,8,1.3325552295545544,0.007085614990077161,1.3254696145644773
mvar_0852dd,SGD,matched_bias,0,9,1.1489041981120969,0.009397656532625809,1.139506541579471
mvar_0852dd,SGD,matched_bias,3,0,1.2069497290003817,0.00048807537751495433,1.2064616536228667
mvar_0852dd,SGD,matched_bias,3,1,1.1558765249374994,0.006549133415578723,1.1493273915219206
mvar_0852dd,SGD,matched_bias,3,2,1.22240727508095,0.004415697532650142,1.2179915775483
mvar_0852dd,SGD,matched_bias,3,3,1.2314309474103955,0.0007948531657514836,1.230636094244644
mvar_0852dd,SGD,matched_bias,3,4,1.1488565904481522,0.00197684410386604,1.1468797463442861
mvar_0852dd,SGD,matched_bias,3,5,1.2712800137823164,0.005139618963173991,1.2661403948191423
mvar_0852dd,SGD,matched_bias,3,6,1.2935047304678708,0.006483724968598289,1.2870210054992726
mvar_0852dd,SGD,matched_bias,3,7,0.9894943674569556,0.002044250311241891,0.9874501171457137
mvar_0852dd,SGD,matched_bias,3,8,1.332556471165106,0.007087402210881388,1.3254690689542246
mvar_0852dd,SGD,matched_bias,3,9,1.1489082810402977,0.0093987578976833,1.1395095231426144
