cell_id,condition,width,seed,recipe,optimizer,initial_loss,first_step_relative_error,final_true_train_loss,final_tangent_train_loss,final_true_test_loss,final_tangent_test_loss,final_train_difference_relative_to_initial,trajectory_relative_rmse,linearization_defect_relative_motion,final_jacobian_relative_drift,final_kernel_relative_drift,initial_max_eigenvalue,initial_target_rayleigh,initial_effective_rank,kernel_trace,parameter_count,recurrence_error,seconds
03c514880f5e6804,smooth_sum_d3,8,29,sgd_momentum,SGD,0.5429738756616229,9.60772095504883e-09,0.009190595670846473,0.2801556825484858,0.0571172448938059,0.38318460778690744,0.49903890228137354,0.46830416921033197,0.8081295747385504,1.9527155833231529,2.254083346331658,1.1555200071375595,0.09570673284715009,1.2264151918699506,1.2834980402731466,113,7.682743330406083e-14,0.12860989570617676
08bb9537343a069f,product_d3,8,29,sgd_plain,SGD,0.5268110487974307,3.7169029607665073e-06,0.2288491207947576,0.42142185038871915,0.3720868380535645,0.5450201064124839,0.3655442117881806,0.21880805137269488,0.7562379041732256,2.0312781380430525,4.0358645069037635,1.1555200071375595,0.09101679146705464,1.2264151918699506,1.2834980402731466,113,4.440892098500626e-16,0.1311967372894287
095771fe29a0539d,product_d3,8,47,sgd_plain,SGD,0.5324426623434158,1.0257064293017827e-06,0.12325595806512342,0.4563872785238695,0.24208565380700003,0.5155941263911563,0.6256660933076819,0.24219022863747405,0.8497605130213814,2.4051774933102816,3.4228966355348867,1.147782035240688,0.06630025521126974,1.090761927493574,1.1991312384267,113,5.662137425588298e-15,0.13213109970092773
0efc16c1a8c3b443,smooth_sum_d3,8,11,sgd_momentum,SGD,0.5011581275582173,1.3466772044229332e-08,0.010372355344392906,0.21910689405539513,0.06803463192842667,0.2740240233580923,0.4165043470970237,0.46891808541269503,0.7994154926356151,1.951093968768016,2.4709473243722595,1.2372386246185356,0.05692717463419488,1.1839867214583144,1.3484911370530315,113,1.461053500406706e-13,0.1283888816833496
1cce7403f4de0c2e,smooth_sum_d3,32,11,adam,Adam,0.4787260970900828,0.005282781810282654,1.384434452452687e-05,0.007826351366410734,0.023967863291816886,0.08140791780401782,0.016319367315411074,0.030315396913735825,0.5065306892156906,1.9472464258258724,2.649473736793979,1.439890023968706,0.0750926353615067,1.532962366852532,1.799047674114026,1217,,0.21979904174804688
23ffd802eca2ad50,smooth_sum_d3,32,11,sgd_plain,SGD,0.4787260970900828,2.055435126513493e-05,0.013538485546972543,0.04328018944122581,0.09792341497076235,0.07227863150280595,0.062126765336247614,0.21060144524857727,0.6463095546455498,1.6336404628813816,2.2481174528906513,1.439890023968706,0.0750926353615067,1.532962366852532,1.799047674114026,1217,7.147060721024445e-16,0.19071292877197266
3daff41154c55db4,product_d3,32,11,adam,Adam,0.49050249090173303,0.0005366515724445415,0.0001237307066170294,0.016221794916432247,0.1075281519158345,0.1919731215707293,0.03281953610514956,0.1001981451384145,0.7686784434215583,2.794213390085121,5.296093294261248,1.439890023968706,0.016791362155010814,1.532962366852532,1.799047674114026,1217,,0.22139477729797363
50bc612beaf540e0,product_d3,8,11,sgd_momentum,SGD,0.5205823783221237,1.5298186194625284e-08,0.13916117468972938,0.44667060479463894,0.25243744226864606,0.5191450265105507,0.5907027262352514,0.2649082596010408,1.0453596607735312,2.2031953038737595,3.586728083482948,1.2372386246185356,0.032328189902405,1.1839867214583144,1.3484911370530315,113,6.180056466575934e-13,0.13516497611999512
59a10f7bd050b37c,smooth_sum_d3,32,47,sgd_plain,SGD,0.5147683207329635,6.1522065926700746e-06,0.011263531553659624,0.06624422578504824,0.0726953606841339,0.10695185243471686,0.10680667791114887,0.2190082936975965,0.6649697711796115,1.8014146326015816,3.0075378495131986,1.5283213468522296,0.13268185174349287,1.733349622235229,2.0558915491395804,1217,9.992007221626409e-16,0.19499731063842773
5df64664a13b07ad,smooth_sum_d3,32,47,adam,Adam,0.5147683207329635,0.0025859567484744746,2.4336147257734563e-05,0.007877584797463241,0.012839870601644755,0.08799843115135317,0.015255889560226813,0.027437762060166494,0.4344853102054564,1.837479122030826,2.294304543649699,1.5283213468522296,0.13268185174349287,1.733349622235229,2.0558915491395804,1217,,0.22024083137512207
5ef7531099fc9e4a,smooth_sum_d3,8,29,adam,Adam,0.5429738756616229,7.965377144439333e-05,0.0005279820916639592,0.018182392213656813,0.03393912652533788,0.09682387972294565,0.03251429012211804,0.1517064754636911,0.7996225788484295,1.9656865315796939,2.0704940227785382,1.1555200071375595,0.09570673284715009,1.2264151918699506,1.2834980402731466,113,,0.14844107627868652
64815d9c04f9c28c,product_d3,8,29,sgd_momentum,SGD,0.5268110487974307,3.854305220652566e-08,0.24956841974456362,0.4217545331545749,0.394821511066934,0.545620333997844,0.32684605572162223,0.20127155961716603,0.7381187103739308,1.8579783086094,3.4494995592332853,1.1555200071375595,0.09101679146705464,1.2264151918699506,1.2834980402731466,113,5.758171717218374e-13,0.13693809509277344
73d5b0eb8f69a9a5,smooth_sum_d3,8,11,adam,Adam,0.5011581275582173,9.768657275782019e-05,0.0001787606237474875,0.022106815503113553,0.007005811829146207,0.10234163459938017,0.04375476256607009,0.14469108764658714,0.7716378081619235,1.7946746004230576,1.8860452944173012,1.2372386246185356,0.05692717463419488,1.1839867214583144,1.3484911370530315,113,,0.15060782432556152
8c2e45cbb00b025f,smooth_sum_d3,8,29,sgd_plain,SGD,0.5429738756616229,9.256702022025939e-07,0.008976447691023055,0.278908417139634,0.05778515612793021,0.3812586344130203,0.4971362003737182,0.4871118173687822,0.8121193633360575,1.9685708465993716,2.2984508824321312,1.1555200071375595,0.09570673284715009,1.2264151918699506,1.2834980402731466,113,6.5503158452884236e-15,0.12462496757507324
8d9575354d330d40,product_d3,8,47,adam,Adam,0.5324426623434158,0.00011188890129256613,0.00031275069876716976,0.11279944584121414,0.09114584237058075,0.2668419172819847,0.2112653682696356,0.38994845976491177,0.9593414044905663,3.2491802008885413,5.22665341970116,1.147782035240688,0.06630025521126974,1.090761927493574,1.1991312384267,113,,0.1542530059814453
8df7c716f06695d7,product_d3,32,47,sgd_plain,SGD,0.49674896783928074,4.558111713090386e-07,0.0236247752244083,0.30843417635739195,0.09519927714304405,0.443034363898246,0.5733467396456302,0.43191805701460545,0.8215745465142151,2.8285601288795807,8.230917058016297,1.5283213468522296,0.06268596763020433,1.733349622235229,2.0558915491395804,1217,1.887379141862766e-15,0.19598913192749023
9533c254f155b8c5,product_d3,32,29,sgd_momentum,SGD,0.4991459474379397,3.8425338820016944e-10,0.05761920032731508,0.2825033102238696,0.11433915707187972,0.410379929471381,0.450537785693462,0.3414031850387692,0.7786165252004003,2.4392045698254505,5.250409659691711,1.3602839752217952,0.0341787489029093,1.662594142708609,1.7888345480862498,1217,1.9156898289907076e-13,0.19912219047546387
9a8f515a8b878363,product_d3,32,29,adam,Adam,0.4991459474379397,0.0001688061032911689,0.0001940614092807479,0.014610469353709389,0.1230860402509597,0.2160571409547039,0.02888214963664726,0.1067408369030491,0.7367820965673313,4.067082204422051,16.145394645195047,1.3602839752217952,0.0341787489029093,1.662594142708609,1.7888345480862498,1217,,0.22201919555664062
9a9da5a47f301dbc,product_d3,32,11,sgd_momentum,SGD,0.49050249090173303,1.1710733698298413e-08,0.0166591158586495,0.3400932585267823,0.06854479447947398,0.41655063318575836,0.6593934764195304,0.5072892709435609,0.8346058886333454,2.670421702981544,5.4482901817846745,1.439890023968706,0.016791362155010814,1.532962366852532,1.799047674114026,1217,5.376810108259633e-13,0.20122694969177246
9d84b01bb53bfa33,smooth_sum_d3,32,29,sgd_plain,SGD,0.4622329413958717,2.7778277477815506e-05,0.01119151187163498,0.12228514324474395,0.0726069120348376,0.19520910541083303,0.24034122500578053,0.3471040021319475,0.6814145739046241,1.5776700133182937,2.144012793328515,1.3602839752217952,0.057820379181005244,1.662594142708609,1.7888345480862498,1217,2.0539125955565396e-15,0.19757318496704102
ab9931b9f3ad73c7,smooth_sum_d3,8,47,sgd_momentum,SGD,0.5299665140289966,7.553767114546953e-09,0.01071242684052325,0.29793967667301424,0.052594618093577974,0.38112617492694467,0.5419724496343851,0.5129869427465114,1.0067556378259992,2.2793270858897174,3.2854481326641154,1.147782035240688,0.07527596921285544,1.090761927493574,1.1991312384267,113,2.0983215165415459e-13,0.12659502029418945
afbfab2869a3cf13,smooth_sum_d3,8,47,adam,Adam,0.5299665140289966,1.3421953570794955e-05,0.000203222302854011,0.012594430910831598,0.018450556817371632,0.07011177556247838,0.023381116127083483,0.15987371144847567,0.8227908777824615,2.3791806348518767,2.863862148768689,1.147782035240688,0.07527596921285544,1.090761927493574,1.1991312384267,113,,0.1479628086090088
c67ecb14d053bf8f,smooth_sum_d3,32,29,adam,Adam,0.4622329413958717,0.0064709492561615825,6.167944944946115e-05,0.00889765649290721,0.007479422709091682,0.09728303935213113,0.019115853181676044,0.041653825882983574,0.5100041573898296,2.014626412379197,3.260611343768714,1.3602839752217952,0.057820379181005244,1.662594142708609,1.7888345480862498,1217,,0.21898317337036133
c6d0d5ca3a59a80d,smooth_sum_d3,32,47,sgd_momentum,SGD,0.5147683207329635,6.436842511586429e-08,0.011464076438015919,0.06621320704077574,0.07243732439254491,0.10710275854103417,0.10635683743087403,0.2056490496544542,0.6439711218212765,1.77182368565162,2.8602182033135843,1.5283213468522296,0.13268185174349287,1.733349622235229,2.0558915491395804,1217,9.786615962070755e-14,0.2033848762512207
c83823dab47ccec0,smooth_sum_d3,8,47,sgd_plain,SGD,0.5299665140289966,7.478085295924088e-07,0.010396860581342626,0.29609702753527956,0.053515200073020325,0.3785808170086941,0.5390909791298721,0.5327385027461411,1.0032021272878147,2.289184959224055,3.314267080330035,1.147782035240688,0.07527596921285544,1.090761927493574,1.1991312384267,113,9.603429163007604e-15,0.12520289421081543
cbb0314049d49561,smooth_sum_d3,8,11,sgd_plain,SGD,0.5011581275582173,1.369581222563417e-06,0.010102815537827381,0.21777172204606027,0.07054973308347297,0.27192226332245584,0.4143780078356784,0.4850847312485707,0.8050765194853792,1.972760252915798,2.5332480157992827,1.2372386246185356,0.05692717463419488,1.1839867214583144,1.3484911370530315,113,7.216449660063518e-15,0.6250529289245605
cbca50e9957cae5d,smooth_sum_d3,32,11,sgd_momentum,SGD,0.4787260970900828,2.0599713784555327e-07,0.01364398835156365,0.0428721042762283,0.09749997846014324,0.07282555838935266,0.06105394316776664,0.1967460788087773,0.6328569524455923,1.628111825689647,2.215838195869569,1.439890023968706,0.0750926353615067,1.532962366852532,1.799047674114026,1217,4.8155923693116165e-14,0.2003178596496582
d9b691d374b64e37,product_d3,32,47,adam,Adam,0.49674896783928074,0.0005587879506484693,0.00017479440542400105,0.01800558698919774,0.12467769849633858,0.18711025266503797,0.03589497661431026,0.100233607314708,0.7552071614360554,4.0199810854184355,16.682126042527415,1.5283213468522296,0.06268596763020433,1.733349622235229,2.0558915491395804,1217,,0.2181997299194336
da66245e71d4261f,product_d3,8,11,adam,Adam,0.5205823783221237,0.0002995615221980274,0.0002403284863944649,0.09439714884176387,0.07175633008571625,0.15460274843474237,0.1808682434830851,0.37167617921698365,0.9834590958164119,2.9785021750410037,4.445461764882078,1.2372386246185356,0.032328189902405,1.1839867214583144,1.3484911370530315,113,,0.160660982131958
e281e2dba9dd23d0,smooth_sum_d3,32,29,sgd_momentum,SGD,0.4622329413958717,2.7888387556899226e-07,0.011116701366134036,0.1231468631860752,0.07217360176707985,0.19700239643588846,0.24236732562077357,0.3365146185408272,0.6750457295076451,1.559073286574534,2.0799519768140655,1.3602839752217952,0.057820379181005244,1.662594142708609,1.7888345480862498,1217,5.434541705540141e-14,0.20093202590942383
e4b26848310816d6,product_d3,32,11,sgd_plain,SGD,0.49050249090173303,1.163555214443501e-06,0.015414047247207501,0.33855111798367543,0.06938895662988605,0.414782940944076,0.6587878282583585,0.5307461897497148,0.8388329095843058,2.678180880228706,5.451844180290185,1.439890023968706,0.016791362155010814,1.532962366852532,1.799047674114026,1217,4.496403249731884e-15,0.1960141658782959
e5e7e3d327992c88,product_d3,32,47,sgd_momentum,SGD,0.49674896783928074,3.726158372320986e-09,0.027704141406737465,0.3097464375508664,0.1030073118218091,0.44463740218879333,0.567776310378528,0.407227704486586,0.810962629350781,2.786136998837954,7.974941396528597,1.5283213468522296,0.06268596763020433,1.733349622235229,2.0558915491395804,1217,2.5435209494162336e-13,0.20143604278564453
eb08f2e47473f416,product_d3,8,29,adam,Adam,0.5268110487974307,0.0004454151662344887,0.0001729261303710831,0.11045930077676382,0.08900565113876163,0.18976382322532814,0.20934711771544495,0.36847358456255747,0.8888227192057785,2.943423556615699,4.630443596064036,1.1555200071375595,0.09101679146705464,1.2264151918699506,1.2834980402731466,113,,0.15620899200439453
fab2d60efc275806,product_d3,8,11,sgd_plain,SGD,0.5205823783221237,1.4906686822849434e-06,0.13144468478571386,0.4459486344495076,0.23660477900789345,0.5184318440822269,0.604138677681453,0.3116514444814706,1.0603463619464142,2.294784935775253,3.8292466267536263,1.2372386246185356,0.032328189902405,1.1839867214583144,1.3484911370530315,113,2.1094237467877974e-15,0.13170385360717773
fe8e536b0c64ae85,product_d3,32,29,sgd_plain,SGD,0.4991459474379397,5.879780601794851e-08,0.050480597404095245,0.28129427153248976,0.10461251266856397,0.40888214855696925,0.46241720545490805,0.3623345363728533,0.7921797670986528,2.464537835702526,5.378611647751583,1.3602839752217952,0.0341787489029093,1.662594142708609,1.7888345480862498,1217,6.827871601444713e-15,0.19734907150268555
ff7280eeb2aa1d5d,product_d3,8,47,sgd_momentum,SGD,0.5324426623434158,1.0652198861362722e-08,0.18327839649096805,0.45695826453966687,0.3286420021740023,0.5160378285935938,0.5140081503690257,0.19338588661644723,0.8202731665171613,2.0531084354386704,2.508284072198706,1.147782035240688,0.06630025521126974,1.090761927493574,1.1991312384267,113,6.639133687258436e-13,0.13686418533325195
